{
  "dense": {
    "mrr": 0.874731182795699,
    "ndcg@10": 0.8948284537255301,
    "map@10": 0.854557091653866,
    "recall@1": 0.6209677419354839,
    "precision@1": 0.8064516129032258,
    "f1@1": 0.6795698924731184,
    "recall@3": 0.8548387096774194,
    "precision@3": 0.40860215053763443,
    "f1@3": 0.5345622119815668,
    "recall@5": 0.9301075268817205,
    "precision@5": 0.270967741935484,
    "f1@5": 0.4079621095750129,
    "recall@10": 0.9919354838709677,
    "precision@10": 0.15161290322580648,
    "f1@10": 0.25745222519416056,
    "query_count": 31
  },
  "sparse": {
    "mrr": 0.839247311827957,
    "ndcg@10": 0.842701304735262,
    "map@10": 0.8225806451612904,
    "recall@1": 0.6048387096774194,
    "precision@1": 0.8064516129032258,
    "f1@1": 0.6688172043010754,
    "recall@3": 0.782258064516129,
    "precision@3": 0.3870967741935483,
    "f1@3": 0.4986175115207375,
    "recall@5": 0.8440860215053763,
    "precision@5": 0.26451612903225813,
    "f1@5": 0.38888888888888895,
    "recall@10": 0.9193548387096774,
    "precision@10": 0.14193548387096777,
    "f1@10": 0.24006638522767548,
    "query_count": 31
  },
  "hybrid_rrf": {
    "mrr": 0.8602150537634409,
    "ndcg@10": 0.8819943320968054,
    "map@10": 0.8460573476702509,
    "recall@1": 0.6048387096774194,
    "precision@1": 0.8064516129032258,
    "f1@1": 0.6688172043010754,
    "recall@3": 0.8655913978494625,
    "precision@3": 0.4301075268817203,
    "f1@3": 0.5549923195084487,
    "recall@5": 0.9489247311827956,
    "precision@5": 0.28387096774193554,
    "f1@5": 0.4231950844854071,
    "recall@10": 0.967741935483871,
    "precision@10": 0.1483870967741936,
    "f1@10": 0.25130783195299317,
    "query_count": 31
  },
  "hybrid_weighted": {
    "mrr": 0.9018817204301076,
    "ndcg@10": 0.9198002164457598,
    "map@10": 0.884094982078853,
    "recall@1": 0.6693548387096774,
    "precision@1": 0.8709677419354839,
    "f1@1": 0.7333333333333335,
    "recall@3": 0.8548387096774194,
    "precision@3": 0.4086021505376343,
    "f1@3": 0.534562211981567,
    "recall@5": 0.9489247311827956,
    "precision@5": 0.28387096774193554,
    "f1@5": 0.4231950844854071,
    "recall@10": 1.0,
    "precision@10": 0.1548387096774194,
    "f1@10": 0.26206052012503617,
    "query_count": 31
  },
  "es_bm25": {
    "mrr": 0.0,
    "ndcg@10": 0.0,
    "map@10": 0.0,
    "recall@1": 0.0,
    "precision@1": 0.0,
    "f1@1": 0.0,
    "recall@3": 0.0,
    "precision@3": 0.0,
    "f1@3": 0.0,
    "recall@5": 0.0,
    "precision@5": 0.0,
    "f1@5": 0.0,
    "recall@10": 0.0,
    "precision@10": 0.0,
    "f1@10": 0.0,
    "query_count": 31
  },
  "es_mv_hybrid_rrf": {
    "mrr": 0.874731182795699,
    "ndcg@10": 0.8948284537255301,
    "map@10": 0.854557091653866,
    "recall@1": 0.6209677419354839,
    "precision@1": 0.8064516129032258,
    "f1@1": 0.6795698924731184,
    "recall@3": 0.8548387096774194,
    "precision@3": 0.40860215053763443,
    "f1@3": 0.5345622119815668,
    "recall@5": 0.9301075268817205,
    "precision@5": 0.270967741935484,
    "f1@5": 0.4079621095750129,
    "recall@10": 0.9919354838709677,
    "precision@10": 0.15161290322580648,
    "f1@10": 0.25745222519416056,
    "query_count": 31
  },
  "seekdb_hybrid_rrf": {
    "mrr": 0.8387096774193549,
    "ndcg@10": 0.8526934637258622,
    "map@10": 0.8302419354838709,
    "recall@1": 0.6370967741935484,
    "precision@1": 0.8064516129032258,
    "f1@1": 0.6903225806451614,
    "recall@3": 0.8064516129032258,
    "precision@3": 0.3763440860215053,
    "f1@3": 0.4958525345622121,
    "recall@5": 0.8844086021505375,
    "precision@5": 0.25806451612903236,
    "f1@5": 0.38632872503840254,
    "recall@10": 0.9032258064516129,
    "precision@10": 0.13548387096774198,
    "f1@10": 0.22980245560890716,
    "query_count": 31
  }
}